headline,source,link,datetime
Anthropic makes last-ditch effort to salvage deal with Pentagon after blowup,The Verge,https://www.theverge.com/ai-artificial-intelligence/889782/anthropic-pentagon-discussions-ai-deal,2026-03-05 12:34:14
Nothing’s Headphone A are something worth considering,The Verge,https://www.theverge.com/tech/889615/nothing-headphone-a-review,2026-03-05 12:34:14
Nothing is finally covering up with the metal Phone 4A Pro,The Verge,https://www.theverge.com/tech/889769/nothing-phone-4a-pro-design-opaque-transparent,2026-03-05 12:34:14
Bill Gates’ nuclear company is the first to get approval to build next-gen reactor,The Verge,https://www.theverge.com/science/889768/bill-gates-terrapower-nuclear-wyoming-reactor,2026-03-05 12:34:14
"Apple Music can now flag AI content, but only if distributors elect to label it",Engadget,https://www.engadget.com/entertainment/music/apple-music-can-now-flag-ai-content-but-only-if-distributors-elect-to-label-it-121521873.html?src=rss,2026-03-05 12:34:14
Nothing Phone 4a hands-on: A more technically accomplished entry-level smartphone,Engadget,https://www.engadget.com/mobile/smartphones/nothing-phone-4a-hands-on-price-launch-date-111533547.html?src=rss,2026-03-05 12:34:14
Nothing's new over-ear headphones can pump out the jams for five days on a single charge,Engadget,https://www.engadget.com/audio/headphones/nothings-new-over-ear-headphones-can-pump-out-the-jams-for-five-days-on-a-single-charge-111515728.html?src=rss,2026-03-05 12:34:14
Nothing's Phone 4a Pro picks up flagship features and an even brighter display for $499,Engadget,https://www.engadget.com/mobile/smartphones/nothings-phone-4a-pro-picks-up-flagship-features-and-an-even-brighter-display-for-499-111500926.html?src=rss,2026-03-05 12:34:14
Google reportedly muzzles Epic Games CEO Tim Sweeney until 2032,Engadget,https://www.engadget.com/gaming/google-reportedly-muzzles-epic-games-ceo-tim-sweeney-until-2032-105501644.html?src=rss,2026-03-05 12:34:14
"Nothing sees your colorful MacBook Neo, and raises you two new funky Android phones — meet the Phone (4a) and (4a) Pro",TechRadar,https://www.techradar.com/phones/nothing-sees-your-colorful-macbook-neo-and-raises-you-two-new-funky-android-phones-meet-the-phone-4a-and-4a-pro,2026-03-05 12:34:14
You can get the MacBook Neo for just $499 / £499 with this easy-to-miss education discount at Apple,TechRadar,https://www.techradar.com/computing/macbooks/you-can-get-the-macbook-neo-for-just-usd499-gbp499-with-this-easy-to-miss-education-discount-at-apple,2026-03-05 12:34:14
"Ubisoft provides updates on the Assassin's Creed series, says its 'taking the time to deliver on its ambitious vision' of Hexe and Codename Invictus is 'a new approach to multiplayer in the franchise, but it isn't quite what the rumors have suggested'",TechRadar,https://www.techradar.com/gaming/ubisoft-provides-updates-on-the-assassins-creed-series-says-its-taking-the-time-to-deliver-on-its-ambitious-vision-of-hexe-and-codename-invictus-is-a-new-approach-to-multiplayer-in-the-franchise-but-it-isnt-quite-what-the-rumors-have-suggested,2026-03-05 12:34:14
'Email is at an inflection point': new study finds only 13% of emails sent worldwide were actually written by humans,TechRadar,https://www.techradar.com/pro/email-is-at-an-inflection-point-new-study-finds-only-13-percent-of-emails-sent-worldwide-were-actually-written-by-humans,2026-03-05 12:34:14
Security researchers found 'critical' flaw in IPVanish Mac VPN app — here's all you need to know,TechRadar,https://www.techradar.com/vpn/vpn-privacy-security/security-researchers-found-critical-flaw-in-ipvanish-mac-vpn-app-heres-all-you-need-to-know,2026-03-05 12:34:14
Microsoft Teams wants to make it easier to forget all your embarrassing meeting mistakes,TechRadar,https://www.techradar.com/pro/microsoft-teams-just-made-it-easier-to-forget-all-your-embarrassing-meeting-mistakes,2026-03-05 12:34:14
I didn't think it could be done — the Nothing Headphone (a) fix all the problems of the original while being way cheaper,TechRadar,https://www.techradar.com/audio/wireless-headphones/nothing-headphone-a-review,2026-03-05 12:34:14
"I reviewed Nothing's new budget phone, and it's a sleek, steady performer that impressed me so much that I might not go back to my Samsung",TechRadar,https://www.techradar.com/phones/nothing-phone-4a-review,2026-03-05 12:34:14
"The Nothing Headphone (a) are here, and they rock — here are 5 things you need to know about them",TechRadar,https://www.techradar.com/audio/wireless-headphones/the-nothing-headphone-a-are-here-and-they-rock-here-are-5-things-you-need-to-know-about-them,2026-03-05 12:34:14
"WWE 2K26 review: The game keeps getting better, the monetization keeps getting worse",TechRadar,https://www.techradar.com/gaming/wwe-2k26-review,2026-03-05 12:34:14
"Major data leak forum LeakBase seized by FBI, Europol, and shut down",TechRadar,https://www.techradar.com/pro/security/major-data-leak-forum-leakbase-seized-by-fbi-europol-and-shut-down,2026-03-05 12:34:14
The rumors were true! Assassin's Creed Black Flag Resynced has officially been announced by Ubisoft — 'Some whispers have a little more wind in their sails. Keep your spyglass on the horizon',TechRadar,https://www.techradar.com/gaming/the-rumors-were-true-assassins-creed-black-flag-resynced-has-officially-been-announced-by-ubisoft-some-whispers-have-a-little-more-wind-in-their-sails-keep-your-spyglass-on-the-horizon,2026-03-05 12:34:14
"Microsoft, Europol take down global phishing as a service network which was able to bypass 2FA with ease",TechRadar,https://www.techradar.com/pro/security/microsoft-europol-take-down-global-phishing-as-a-service-network-which-was-able-to-bypass-2fa-with-ease,2026-03-05 12:34:14
"How to watch India vs England: Free Streams, TV Channels & Preview for T20 World Cup semi-final 2026",TechRadar,https://www.techradar.com/how-to-watch/cricket/india-vs-england-t20-world-cup-semi-final-2026-free,2026-03-05 12:34:14
Palantir and other tech companies are stocking offices with tobacco products,Hacker News,https://fortune.com/2026/03/04/palantir-tech-companies-offices-vending-machines-tobacco-worker-productivity/,2026-03-05 15:55:18
The IRIX 6.5.7M (sgi) source code,Hacker News,https://github.com/calmsacibis995/irix-657m-src,2026-03-05 15:55:18
Google Safe Browsing missed 84% of phishing sites we found in February,Hacker News,https://www.norn-labs.com/blog/huginn-report-feb-2026,2026-03-05 15:55:18
Rising carbon dioxide levels now detected in human blood,Hacker News,https://phys.org/news/2026-02-carbon-dioxide-human-blood.html,2026-03-05 15:55:18
Fast-Servers,Hacker News,https://geocar.sdf1.org/fast-servers.html,2026-03-05 15:55:18
Judge Orders Government to Begin Refunding More Than $130B in Tariffs,Hacker News,https://www.wsj.com/politics/policy/judge-orders-government-to-begin-refunding-more-than-130-billion-in-tariffs-fdc1e62c,2026-03-05 15:55:18
Good software knows when to stop,Hacker News,https://ogirardot.writizzy.com/p/good-software-knows-when-to-stop,2026-03-05 15:55:18
You can now fill your home with Ikea’s cheap and tiny new Bluetooth speaker,The Verge,https://www.theverge.com/tech/889878/ikea-bluetooth-speaker-kallsup-now-available-price,2026-03-05 15:55:18
Preorders for Apple’s colorful MacBook Neo come with a $25 gift card,The Verge,https://www.theverge.com/gadgets/889199/macbook-neo-metroid-prime-4-beyond-switch-2-deal-sale,2026-03-05 15:55:18
Prediction markets in the news are a dangerous gamble,The Verge,https://www.theverge.com/podcast/889177/prediction-markets-news-gambling-polymarket-kalshi-iran-war-regulation,2026-03-05 15:55:18
Ikea’s Matter-compatible smart bulbs are now available in the US,The Verge,https://www.theverge.com/tech/889820/ikea-matter-over-thread-smart-home-light-bulbs-available-pricing,2026-03-05 15:55:18
Apple Music adds optional labels for AI songs and visuals,The Verge,https://www.theverge.com/tech/889836/apple-music-ai-transparency-tags-launch,2026-03-05 15:55:18
AI tools can unmask anonymous accounts,The Verge,https://www.theverge.com/ai-artificial-intelligence/889395/ai-agents-unmask-anonymous-online-accounts,2026-03-05 15:55:18
Samsung Galaxy S26 Ultra review: The stealth upgrade,Engadget,https://www.engadget.com/mobile/smartphones/samsung-galaxy-s26-ultra-review-the-stealth-upgrade-140000629.html?src=rss,2026-03-05 15:55:18
Kena: Bridge of Spirits is coming to Nintendo Switch 2 this spring,Engadget,https://www.engadget.com/gaming/kena-bridge-of-spirits-is-coming-to-nintendo-switch-2-this-spring-132839640.html?src=rss,2026-03-05 15:55:18
BMW’s i3 prototype conquers the ice with power and technology,Engadget,https://www.engadget.com/transportation/evs/bmws-i3-prototype-conquers-the-ice-with-power-and-technology-130000610.html?src=rss,2026-03-05 15:55:18
Zeno raises $25M to speed up production of its battery-swap motorbikes,TechCrunch,https://techcrunch.com/2026/03/05/zeno-raises-25m-to-speed-up-production-of-its-battery-swap-motorbikes/,2026-03-05 15:55:18
"Meta will allow rival AI chatbots on WhatsApp in Europe, but for a fee",TechCrunch,https://techcrunch.com/2026/03/05/meta-will-allow-rival-ai-chatbots-on-whatsapp-in-europe-but-for-a-fee/,2026-03-05 15:55:18
Science Corp raises $230M as it races to bring its brain implant to market,TechCrunch,https://techcrunch.com/2026/03/05/science-corp-closes-230m-round-as-it-pushes-to-get-its-brain-implant-to-patients/,2026-03-05 15:55:18
"How 1,000+ customer calls shaped a breakout enterprise AI startup",TechCrunch,https://techcrunch.com/2026/03/05/how-1000-customer-calls-shaped-a-breakout-enterprise-ai-startup/,2026-03-05 15:55:18
Rivian is betting its future on one of the fastest EV launches in US history,TechCrunch,https://techcrunch.com/2026/03/05/rivian-is-betting-its-future-one-of-the-fastest-ev-launches-in-us-history/,2026-03-05 15:55:18
Lio raises $30M from Andreessen Horowitz and others to automate enterprise procurement,TechCrunch,https://techcrunch.com/2026/03/05/lio-ai-series-a-a16z-30m-raise-automate-enterprise-procurement/,2026-03-05 15:55:18
'The precision and quality of the print finish are exceptional': Our 3D printing expert loved the beginner-friendly Anycubic Kobra S1 and it's $320 off right now,TechRadar,https://www.techradar.com/pro/the-precision-and-quality-of-the-print-finish-are-exceptional-our-3d-printing-expert-loved-the-beginner-friendly-anycubic-kobra-s1-and-its-usd320-off-right-now,2026-03-05 15:55:18
Exclusive: ‘I don’t think it would be good for Sigma to just chase a trend we don’t know could end in 6-12 months’ says CEO on its plans for compact cameras,TechRadar,https://www.techradar.com/cameras/exclusive-i-dont-think-it-would-be-good-for-sigma-to-just-chase-a-trend-we-dont-know-could-end-in-6-12-months-says-ceo-on-its-plans-for-compact-cameras,2026-03-05 15:55:18
The MacBook Neo might be a creators dream — hear me out,TechRadar,https://www.techradar.com/computing/macbooks/the-macbook-neo-might-be-a-creators-dream-hear-me-out,2026-03-05 15:55:18
26 blooming great Lego Botanicals deals for Mothers' Day — from colourful wildflowers to quirky cacti,TechRadar,https://www.techradar.com/home/26-blooming-great-lego-botanicals-deals-for-mothers-day-from-colourful-wildflowers-to-quirky-cacti,2026-03-05 15:55:18
"Big savings for students and professionals — Microsoft’s Surface Laptop with Snapdragon X Plus, Copilot AI and 16GB RAM is £350 off",TechRadar,https://www.techradar.com/pro/big-savings-for-students-and-professionals-microsofts-surface-laptop-with-snapdragon-x-plus-copilot-ai-and-16gb-ram-is-gbp350-off,2026-03-05 15:55:18
Microsoft warns of new signed malware which deploys remote monitoring tools as backdoors,TechRadar,https://www.techradar.com/pro/security/microsoft-warns-of-new-signed-malware-which-deploys-remote-monitoring-tools-as-backdoors,2026-03-05 15:55:18
This four-star 'polished GoPro alternative' from DJI just dropped to its lowest price since Black Friday,TechRadar,https://www.techradar.com/cameras/action-cameras/this-four-star-polished-gopro-alternative-from-dji-just-dropped-to-its-lowest-price-since-black-friday,2026-03-05 15:55:18
Airlines don’t have an AI problem. They have a foundational technology problem,TechRadar,https://www.techradar.com/pro/airlines-dont-have-an-ai-problem-they-have-a-foundational-technology-problem,2026-03-05 15:55:18
"NYT Connections hints and answers for Friday, March 6 (game #999)",TechRadar,https://www.techradar.com/gaming/nyt-connections-today-answers-hints-6-march-2026,2026-03-05 15:55:18
"NYT Strands hints and answers for Friday, March 6 (game #733)",TechRadar,https://www.techradar.com/computing/websites-apps/nyt-strands-today-answers-hints-6-march-2026,2026-03-05 15:55:18
AI powers innovation – but it’s also powering the next wave of cyber attacks,TechRadar,https://www.techradar.com/pro/ai-powers-innovation-but-its-also-powering-the-next-wave-of-cyber-attacks,2026-03-05 15:55:18
Best science-based weight loss program for long-term results,TechRadar,https://www.techradar.com/seasonal-sales/best-science-based-weight-loss-program-for-long-term-results,2026-03-05 15:55:18
Florida woman given major jail sentence for illegally selling Microsoft product keys,TechRadar,https://www.techradar.com/pro/florida-woman-given-major-jail-sentence-for-illegally-selling-microsoft-product-keys,2026-03-05 15:55:18
Peaky Blinders: The Immortal Man review — new Netflix movie manages to destroy the best British TV show of the 2010s in less than two hours,TechRadar,https://www.techradar.com/streaming/netflix/peaky-blinders-the-immortal-man-review,2026-03-05 15:55:18
Still find parrying in games like Clair Obscur: Expedition 33 hard to time? Let me tell you about how a new controller’s fantastic speed and micro-switch triggers transformed my timing,TechRadar,https://www.techradar.com/gaming/gaming-accessories/still-find-parrying-in-games-like-clair-obscur-expedition-33-hard-to-time-let-me-tell-you-about-how-a-new-controllers-fantastic-speed-and-micro-switch-triggers-transformed-my-timing,2026-03-05 15:55:18
ExpressVPN just gave AI agents the power to control your connection,TechRadar,https://www.techradar.com/vpn/vpn-services/expressvpn-just-gave-ai-agents-the-power-to-control-your-connection,2026-03-05 15:55:18
OpenAI releases a Windows version of Codex coding app,TechRadar,https://www.techradar.com/pro/openai-releases-a-windows-version-of-codex-coding-app,2026-03-05 15:55:18
"The Division 2: Warlords of New York expansion will be available for all players during the series' Anniversary Season alongside a new, limited-time Realism Mode that is 'a reflection of what has always sat at the heart of The Division'",TechRadar,https://www.techradar.com/gaming/the-division-2-warlords-of-new-york-expansion-will-be-available-for-all-players-during-the-series-anniversary-season-alongside-a-new-limited-time-realism-mode-that-is-a-reflection-of-what-has-always-sat-at-the-heart-of-the-division,2026-03-05 15:55:18
"AI can write emails and summarize meetings, but here’s what it still can’t do in 2026",TechRadar,https://www.techradar.com/ai-platforms-assistants/ai-can-write-emails-and-summarize-meetings-but-heres-what-it-still-cant-do-in-2026,2026-03-05 15:55:18
'Managers must find a balance': Report claims businesses might need to get HR involved to make workers use AI,TechRadar,https://www.techradar.com/pro/managers-must-find-a-balance-report-claims-businesses-might-need-to-get-hr-involved-to-make-workers-use-ai,2026-03-05 15:55:18
"Formula 1 2026 regulations explained: New power, aero and strategy era begins",TechRadar,https://www.techradar.com/how-to-watch/formula-1-2026-regulations-explained,2026-03-05 15:55:18
"US asked Ukraine for help fighting Iranian drones, Zelensky says",Hacker News,https://www.bbc.com/news/articles/cr5llg0e9g9o,2026-03-05 19:20:24
GPT 5.4 Thinking and Pro,Hacker News,https://twitter.com/OpenAI/status/2029620619743219811,2026-03-05 19:20:24
GPT-5.4 Thinking and GPT-5.4 Pro,Hacker News,https://twitter.com/i/status/2029620619743219811,2026-03-05 19:20:24
GPT-5.4 Thinking System Card,Hacker News,https://openai.com/index/gpt-5-4-thinking-system-card/,2026-03-05 19:20:24
The Brand Age,Hacker News,https://paulgraham.com/brandage.html,2026-03-05 19:20:24
Launch HN: Vela (YC W26) – AI for complex scheduling,Hacker News,https://news.ycombinator.com/item?id=47264741,2026-03-05 19:20:24
The Government Uses Targeted Advertising to Track Your Location,Hacker News,https://www.eff.org/deeplinks/2026/03/targeted-advertising-gives-your-location-government-just-ask-cbp,2026-03-05 19:20:24
"Show HN: PageAgent, A GUI agent that lives inside your web app",Hacker News,https://alibaba.github.io/page-agent/,2026-03-05 19:20:24
A Number with a Shadow,Hacker News,https://campedersen.com/tang,2026-03-05 19:20:24
GitHub Actions is shitting the bed again,Hacker News,https://www.githubstatus.com/incidents/g5gnt5l5hf56,2026-03-05 19:20:24
Datasets for Reconstructing Visual Perception from Brain Data,Hacker News,https://github.com/seelikat/neuro-visual-reconstruction-dataset-index,2026-03-05 19:20:24
A GitHub Issue Title Compromised 4k Developer Machines,Hacker News,https://grith.ai/blog/clinejection-when-your-ai-tool-installs-another,2026-03-05 19:20:24
Birdbuddy’s AI-powered hummingbird feeder is matching its best price to date,The Verge,https://www.theverge.com/gadgets/889975/birdbuddy-smart-hummingbird-feeder-pro-solar-deal-sale,2026-03-05 19:20:24
Netflix is buying Ben Affleck’s AI startup,The Verge,https://www.theverge.com/streaming/889973/netflix-ben-affleck-interpositive-ai,2026-03-05 19:20:24
OpenAI’s new GPT-5.4 model is a big step toward autonomous agents,The Verge,https://www.theverge.com/ai-artificial-intelligence/889926/openai-gpt-5-4-model-release-ai-agents,2026-03-05 19:20:24
Roblox is censoring chats with AI,The Verge,https://www.theverge.com/games/889954/roblox-ai-real-time-chat-rephrasing,2026-03-05 19:20:24
Meta’s AI glasses reportedly send sensitive footage to human reviewers in Kenya,The Verge,https://www.theverge.com/tech/889637/meta-ai-smart-glasses-human-reviewers-kenya,2026-03-05 19:20:24
Osmo is trying to crack AR edutainment (again),The Verge,https://www.theverge.com/column/889879/osmo-is-trying-to-crack-ar-edutainment-again,2026-03-05 19:20:24
Roku is launching a trivia game called... Roklue?,Engadget,https://www.engadget.com/entertainment/streaming/roku-is-launching-a-trivia-game-called-roklue-190000386.html?src=rss,2026-03-05 19:20:24
Netflix just bought an AI startup founded by Ben Affleck,Engadget,https://www.engadget.com/ai/netflix-just-bought-an-ai-startup-founded-by-ben-affleck-184536640.html?src=rss,2026-03-05 19:20:24
Meta hit with a class action lawsuit over smart glasses' privacy claims,Engadget,https://www.engadget.com/social-media/meta-hit-with-a-class-action-lawsuit-over-smart-glasses-privacy-claims-182846817.html?src=rss,2026-03-05 19:20:24
The Playdate Catalog's 3-year anniversary sale is here,Engadget,https://www.engadget.com/gaming/the-playdate-catalogs-3-year-anniversary-sale-is-here-181500105.html?src=rss,2026-03-05 19:20:24
"I hope you like spreadsheets, because GPT-5.4 loves them",Engadget,https://www.engadget.com/ai/i-hope-you-like-spreadsheets-because-gpt-54-loves-them-180000444.html?src=rss,2026-03-05 19:20:24
The National Videogame Museum has acquired the mythical Nintendo Playstation,Engadget,https://www.engadget.com/gaming/the-national-videogame-museum-has-acquired-the-mythical-nintendo-playstation-173529085.html?src=rss,2026-03-05 19:20:24
Google begins calling out battery-killing Android apps,Engadget,https://www.engadget.com/mobile/smartphones/google-begins-calling-out-battery-killing-android-apps-170650936.html?src=rss,2026-03-05 19:20:24
Google pledges roughly three hours of its annual profit to fight climate change,Engadget,https://www.engadget.com/big-tech/google-pledges-roughly-three-hours-of-its-annual-profit-to-fight-climate-change-164808010.html?src=rss,2026-03-05 19:20:24
Canadian government says OpenAI will take further steps to strengthen safety protocols,Engadget,https://www.engadget.com/ai/canadian-government-says-openai-will-take-further-steps-to-strengthen-safety-protocols-164151618.html?src=rss,2026-03-05 19:20:24
Oura buys gesture-navigation startup DoublePoint,Engadget,https://www.engadget.com/wearables/oura-buys-gesture-navigation-startup-doublepoint-163758659.html?src=rss,2026-03-05 19:20:24
"Hardware testing startup Nominal hits $1B valuation, raises $155M in 10 months",TechCrunch,https://techcrunch.com/2026/03/05/hardware-testing-startup-nominal-hits-1b-valuation-raises-155m-in-10-months/,2026-03-05 19:20:24
Roblox launches real-time AI chat rephrasing to filter out banned language,TechCrunch,https://techcrunch.com/2026/03/05/roblox-launches-real-time-ai-chat-rephrasing-to-filter-out-banned-language/,2026-03-05 19:20:24
FYI: Impersonators are (still) targeting companies with fake TechCrunch outreach,TechCrunch,https://techcrunch.com/2026/03/05/impersonators-scammers-targeting-companies-with-fake-techcrunch-outreach/,2026-03-05 19:20:24
EXCLUSIVE: Luma launches creative AI agents powered by its new ‘Unified Intelligence’ models,TechCrunch,https://techcrunch.com/2026/03/05/exclusive-luma-launches-creative-ai-agents-powered-by-its-new-unified-intelligence-models/,2026-03-05 19:20:24
Google says half of all zero-days it tracked in 2025 targeted buggy enterprise tech,TechCrunch,https://techcrunch.com/2026/03/05/google-says-half-of-all-zero-days-it-tracked-in-2025-targeted-buggy-enterprise-tech/,2026-03-05 19:20:24
OpenAI launches GPT-5.4 with Pro and Thinking versions,TechCrunch,https://techcrunch.com/2026/03/05/openai-launches-gpt-5-4-with-pro-and-thinking-versions/,2026-03-05 19:20:24
Cursor is rolling out a new kind of agentic coding tool,TechCrunch,https://techcrunch.com/2026/03/05/cursor-is-rolling-out-a-new-system-for-agentic-coding/,2026-03-05 19:20:24
"Meta sued over AI smart glasses’ privacy concerns, after workers reviewed nudity, sex, and other footage",TechCrunch,https://techcrunch.com/2026/03/05/meta-sued-over-ai-smartglasses-privacy-concerns-after-workers-reviewed-nudity-sex-and-other-footage/,2026-03-05 19:20:24
Anthropic CEO Dario Amodei could still be trying to make a deal with Pentagon,TechCrunch,https://techcrunch.com/2026/03/05/anthropic-ceo-dario-amodei-could-still-be-trying-to-make-a-deal-with-pentagon/,2026-03-05 19:20:24
"Oura acquires Doublepoint, a startup that specializes in gesture recognition technology",TechCrunch,https://techcrunch.com/2026/03/05/oura-acquires-doublepoint-a-startup-that-specializes-in-gesture-recognition-technology/,2026-03-05 19:20:24
Hackers exploit OpenClaw to spread malware via GitHub - and a little help from Bing,TechRadar,https://www.techradar.com/pro/security/hackers-exploit-openclaw-to-spread-malware-via-github-and-a-little-help-from-bing,2026-03-05 19:20:24
F1 2026 drivers: Full Formula 1 grid as new faces lineup on the grid,TechRadar,https://www.techradar.com/how-to-watch/formula-one/f1-2026-drivers-full-formula-1-grid-as-new-faces-lineup-on-the-grid,2026-03-05 19:20:24
Apple's MacBook Neo nails the netbook by being nothing like it,TechRadar,https://www.techradar.com/computing/macbooks/apples-macbook-neo-nails-the-netbook-by-being-nothing-like-it,2026-03-05 19:20:24
Netflix to stream its first-ever Formula 1 race weekend in Canada,TechRadar,https://www.techradar.com/how-to-watch/netflix-to-stream-its-first-ever-formula-1-race-weekend-in-canada,2026-03-05 19:20:24
"ChatGPT just got another brain boost with GPT-5.4 Thinking — and it’s built for bigger, more complex tasks",TechRadar,https://www.techradar.com/ai-platforms-assistants/chatgpt/chatgpt-just-got-another-brain-boost-with-gpt-5-4-thinking-and-its-built-for-bigger-more-complex-tasks,2026-03-05 19:20:24
Canon could launch a game-changing f/1.4 zoom lens this year — but with one likely catch,TechRadar,https://www.techradar.com/cameras/camera-lenses/canon-could-launch-a-game-changing-f-1-4-zoom-lens-this-year-but-with-one-likely-catch,2026-03-05 19:20:24
'Straight up lies': Anthropic CEO attacks OpenAI's US military announcement in leaked memo — as new report suggests company is back in talks with Pentagon,TechRadar,https://www.techradar.com/ai-platforms-assistants/claude/straight-up-lies-anthropic-ceo-attacks-openais-us-military-announcement-in-leaked-memo-as-new-report-suggests-company-is-back-in-talks-with-pentagon,2026-03-05 19:20:24
"‘You can see someone going to the toilet, or getting undressed’ — contractors warn your Meta AI glasses might see more than you realize",TechRadar,https://www.techradar.com/computing/virtual-reality-augmented-reality/you-can-see-someone-going-to-the-toilet-or-getting-undressed-contractors-warn-your-meta-ai-glasses-might-see-more-than-you-realize,2026-03-05 19:20:24
The Boys season 5 final trailer reveals Homelander's unsettling plan for world domination — but it evades my biggest question about the Prime Video show's last chapter,TechRadar,https://www.techradar.com/streaming/amazon-prime-video/the-boys-season-5-final-trailer-reveals-homelanders-unsettling-plan-for-world-domination-but-it-evades-my-biggest-question-about-the-prime-video-shows-last-chapter,2026-03-05 19:20:24
"Best Buy is already discounting Apple's brand-new devices — score discounts on the MacBook Neo, iPad Air, and MacBook Pro",TechRadar,https://www.techradar.com/computing/macbooks/best-buy-is-already-discounting-apples-brand-new-devices-score-discounts-on-the-macbook-neo-ipad-air-and-macbook-pro,2026-03-05 19:20:24
Kensington SD7100T5 EQ Pro docking station review: Easier to buy than a laptop or PC that has the ports you need for the full Thunderbolt 5 experience,TechRadar,https://www.techradar.com/pro/kensington-sd7100t5-eq-pro-docking-station-review,2026-03-05 19:20:24
AdGuard enters the metaverse: VPN and ad-blocker extensions launch on Meta Quest,TechRadar,https://www.techradar.com/vpn/vpn-services/adguard-enters-the-metaverse-vpn-and-ad-blocker-extensions-launch-on-meta-quest,2026-03-05 19:20:24
‘The American people should not be footing the bill for the benefit of private companies': Tech giants sign White House pledge to not pass on data center electricity costs to consumers - here's everything you need to know,TechRadar,https://www.techradar.com/pro/the-american-people-should-not-be-footing-the-bill-for-the-benefit-of-private-companies-tech-giants-sign-white-house-pledge-to-not-pass-on-data-center-electricity-costs-to-consumers-heres-everything-you-need-to-know,2026-03-05 19:20:24
'A liability trap' — NordVPN slams Utah age verification law targeting VPN users,TechRadar,https://www.techradar.com/vpn/vpn-privacy-security/a-liability-trap-nordvpn-slams-utah-age-verification-law-targeting-vpn-users,2026-03-05 19:20:24
The rare Nintendo PlayStation hardware prototype that was never released has been acquired by The National Videogame Museum,TechRadar,https://www.techradar.com/gaming/the-rare-nintendo-playstation-hardware-prototype-that-was-never-released-has-been-acquired-by-the-national-videogame-museum,2026-03-05 19:20:24
Adobe Lightroom Classic (2026) review: Perfect photo organization with time-saving AI at it's best - but it can be hit and miss,TechRadar,https://www.techradar.com/pro/software-services/adobe-lightroom-classic-2026-review,2026-03-05 19:20:24
Chinese hackers hide malware within Windows and Google Drive to hit government targets,TechRadar,https://www.techradar.com/pro/security/chinese-hackers-hide-malware-within-windows-and-google-drive-to-hit-government-targets,2026-03-05 19:20:24
"If you're buying a MacBook Neo, this $2.49 monthly add-on is a smart way to stay secure",TechRadar,https://www.techradar.com/vpn/vpn-services/if-youre-buying-a-macbook-neo-this-usd2-49-monthly-add-on-is-a-smart-way-to-stay-secure,2026-03-05 19:20:24
"The new LG C6 and G6 OLED TVs get prices, and it's good news — even the new brighter C6 models aren't more expensive",TechRadar,https://www.techradar.com/televisions/the-new-lg-c6-and-g6-oled-tvs-get-prices-and-its-good-news-even-the-new-brighter-c6-models-arent-more-expensive,2026-03-05 19:20:24
"Best phones of MWC 2026: I just tested 30 phones in 2 days and these are the 6 you absolutely must see, including one I have to have",TechRadar,https://www.techradar.com/phones/best-phones-of-mwc-2026,2026-03-05 19:20:24
"Munbyn RealWriter 405B dual-color thermal printer review: More expensive than I'd like, but performance and build quality are excellent",TechRadar,https://www.techradar.com/pro/munbyn-realwriter-405b-thermal-printer-review,2026-03-05 19:20:24
Structured AI (YC F25) Is Hiring,Hacker News,https://www.ycombinator.com/companies/structured-ai/jobs/3cQY6Cu-mechanical-design-engineer-founding-team-consultant,2026-03-05 21:40:41
GLiNER2: Unified Schema-Based Information Extraction,Hacker News,https://github.com/fastino-ai/GLiNER2,2026-03-05 21:40:41
Pentagon Formally Labels Anthropic Supply-Chain Risk,Hacker News,https://www.wsj.com/politics/national-security/pentagon-formally-labels-anthropic-supply-chain-risk-escalating-conflict-ebdf0523,2026-03-05 21:40:41
Let's Get Physical,Hacker News,https://m4iler.cloud/posts/lets-get-physical/,2026-03-05 21:40:41
Kristi Noem Out as DHS Secretary,Hacker News,https://www.cbsnews.com/news/kristi-noem-out-as-secretary-of-homeland-security-markwayne-mullin/,2026-03-05 21:40:41
OpenTitan Shipping in Production,Hacker News,https://opensource.googleblog.com/2026/03/opentitan-shipping-in-production.html,2026-03-05 21:40:41
Remotely unlocking an encrypted hard disk,Hacker News,https://jyn.dev/remotely-unlocking-an-encrypted-hard-disk/,2026-03-05 21:40:41
Pokopia made me look at Pokémon’s high-tech future in a whole new way,The Verge,https://www.theverge.com/games/890131/pokopia-pokemon-high-tech-future-3d-printer,2026-03-05 21:40:41
"Amazon.com is up and down, with login errors and prices not loading",The Verge,https://www.theverge.com/tech/890215/amazon-is-down-login-prices,2026-03-05 21:40:41
United Airlines can permanently ban passengers who don’t wear headphones,The Verge,https://www.theverge.com/transportation/890202/united-airlines-headphones-policy-contract-of-carriage,2026-03-05 21:40:41
"Microsoft teases its next Xbox, says ‘Project Helix’ will play PC games too",The Verge,https://www.theverge.com/games/890194/microsoft-teases-its-next-xbox-says-project-helix-will-play-pc-games-too,2026-03-05 21:40:41
Birdbuddy’s AI-powered hummingbird feeder is matching its best price to date,The Verge,https://www.theverge.com/gadgets/889975/birdbuddy-smart-hummingbird-feeder-pro-solar-deal-sale,2026-03-05 21:40:41
Amazon.com is experiencing issues and failing to load prices,Engadget,https://www.engadget.com/big-tech/amazoncom-is-experiencing-issues-and-failing-to-load-prices-211430510.html?src=rss,2026-03-05 21:40:41
Xbox CEO confirms next-gen 'Project Helix' console will play PC games,Engadget,https://www.engadget.com/gaming/xbox/xbox-ceo-confirms-next-gen-project-helix-console-will-play-pc-games-204654357.html?src=rss,2026-03-05 21:40:41
"How to watch Frost Fatales 2026, kicking off on March 8",Engadget,https://www.engadget.com/gaming/how-to-watch-frost-fatales-2026-kicking-off-on-march-8-201826864.html?src=rss,2026-03-05 21:40:41
Roku is launching a trivia game called... Roklue?,Engadget,https://www.engadget.com/entertainment/streaming/roku-is-launching-a-trivia-game-called-roklue-190000386.html?src=rss,2026-03-05 21:40:41
Netflix just bought an AI startup founded by Ben Affleck,Engadget,https://www.engadget.com/ai/netflix-just-bought-an-ai-startup-founded-by-ben-affleck-184536640.html?src=rss,2026-03-05 21:40:41
US reportedly considering sweeping new chip export controls,TechCrunch,https://techcrunch.com/2026/03/05/us-reportedly-considering-sweeping-new-chip-export-controls/,2026-03-05 21:40:41
Amazon is rolling out a redesigned Fire TV app,TechCrunch,https://techcrunch.com/2026/03/05/amazon-is-rolling-out-a-redesigned-fire-tv-app/,2026-03-05 21:40:41
BYD rolls out EV batteries with 5-minute ‘flash charging.’ But there’s a catch.,TechCrunch,https://techcrunch.com/2026/03/05/byd-rolls-out-ev-batteries-with-5-minute-flash-charging-but-theres-a-catch/,2026-03-05 21:40:41
Italian prosecutors confirm journalist was hacked with Paragon spyware,TechCrunch,https://techcrunch.com/2026/03/05/italian-prosecutors-confirm-journalist-was-hacked-with-paragon-spyware/,2026-03-05 21:40:41
It’s official: The Pentagon has labeled Anthropic a supply chain risk,TechCrunch,https://techcrunch.com/2026/03/05/its-official-the-pentagon-has-labeled-anthropic-a-supply-chain-risk/,2026-03-05 21:40:41
"X revamps Creator Subscriptions with new features, like exclusive threads and shareable cards",TechCrunch,https://techcrunch.com/2026/03/05/x-revamps-creator-subscriptions-with-new-features-like-exclusive-threads-and-shareable-cards/,2026-03-05 21:40:41
"Hardware testing startup Nominal hits $1B valuation, raises $155M in 10 months",TechCrunch,https://techcrunch.com/2026/03/05/hardware-testing-startup-nominal-hits-1b-valuation-raises-155m-in-10-months/,2026-03-05 21:40:41
"Lenovo adopts Lego mindset with a modular ThinkBook AI PC, but will it be yet another underwhelming Motorola Ara-esque venture?",TechRadar,https://www.techradar.com/pro/lenovo-adopts-lego-mindset-with-a-modular-thinkbook-ai-pc-but-will-it-be-yet-another-underwhelming-motorola-ara-esque-venture,2026-03-05 21:40:41
"'The ultimate do-it-all shoe' If you're not wearing Saucony Ride 19 running shoes in 2026, you're missing out",TechRadar,https://www.techradar.com/health-fitness/exercise-equipment/the-ultimate-do-it-all-shoe-if-youre-not-wearing-saucony-ride-19-running-shoes-in-2026-youre-missing-out,2026-03-05 21:40:41
BYD says its next-gen EV battery can delivers 625 miles on a single charge and be topped up in minutes,TechRadar,https://www.techradar.com/vehicle-tech/hybrid-electric-vehicles/byd-says-its-next-gen-ev-battery-can-delivers-625-miles-on-a-single-charge-and-be-topped-up-in-minutes,2026-03-05 21:40:41
Want the digicam vibe on a budget? These are my 7 top picks for under $100,TechRadar,https://www.techradar.com/cameras/compact-cameras/want-the-digicam-vibe-on-a-budget-these-are-my-7-top-picks-for-under-usd100,2026-03-05 21:40:41
"Taara's rival promises 10Gbps wireless internet with a seemingly cheaper plug-and-play setup, but there's a big elephant in the room",TechRadar,https://www.techradar.com/pro/taaras-rival-promises-10gbps-wireless-internet-with-a-seemingly-cheaper-plug-and-play-setup-but-theres-a-big-elephant-in-the-room,2026-03-05 21:40:41
The Samsung Galaxy Watch 8 Classic is 'dressed to impress' — and this wearable that's 'full of smarts' is now $130 off at Amazon,TechRadar,https://www.techradar.com/health-fitness/smartwatches/the-samsung-galaxy-watch-8-classic-is-dressed-to-impress-and-this-wearable-thats-full-of-smarts-is-now-usd130-off-at-amazon,2026-03-05 21:40:41
Hackers exploit OpenClaw to spread malware via GitHub - and a little help from Bing,TechRadar,https://www.techradar.com/pro/security/hackers-exploit-openclaw-to-spread-malware-via-github-and-a-little-help-from-bing,2026-03-05 21:40:41
Where things stand with the Department of War,Hacker News,https://www.anthropic.com/news/where-stand-department-war,2026-03-06 02:15:08
"The next generations of Bubble Tea, Lip Gloss, and Bubbles are available now",Hacker News,https://charm.land/blog/v2/,2026-03-06 02:15:08
What if your real computer was a super-sized Lego computer brick?,The Verge,https://www.theverge.com/gadgets/890047/what-if-your-real-computer-was-a-super-sized-lego-computer-brick,2026-03-06 02:15:08
Lawmakers just advanced online safety laws that require age verification at the app store,The Verge,https://www.theverge.com/policy/890367/house-lawmakers-online-safety-bills-kids-act,2026-03-06 02:15:08
X's Exclusive Threads feature lets creators paywall the end of tweet threads,Engadget,https://www.engadget.com/social-media/xs-exclusive-threads-feature-lets-creators-paywall-the-end-of-tweet-threads-000246204.html?src=rss,2026-03-06 02:15:08
Anthropic to challenge DOD’s supply chain label in court,TechCrunch,https://techcrunch.com/2026/03/05/anthropic-to-challenge-dods-supply-chain-label-in-court/,2026-03-06 02:15:08
What is the release date for Marshals: A Yellowstone Story episode 2 on Paramount+?,TechRadar,https://www.techradar.com/streaming/paramount-plus/marshals-a-yellowstone-story-episode-2-release-date-time-cbs,2026-03-06 02:15:08
"I've spent 40 hours cracking skulls and casting spells from behind Avowed's Quarterstaff, and Obsidian's action role-playing game is better than ever on PlayStation 5",TechRadar,https://www.techradar.com/gaming/avowed-ps5-review,2026-03-06 02:15:08
This $9 fix is a great way to watch the Australian GP even if you're on the move — here's what you need to know,TechRadar,https://www.techradar.com/vpn/vpn-services/this-usd9-fix-is-a-great-way-to-watch-the-australian-gp-even-if-youre-on-the-move-heres-what-you-need-to-know,2026-03-06 02:15:08
"I am not sure what features I prefer on the WP500 Ultra: 1TB storage, a privacy kill switch, or the ubercool Predator-style thermal imaging vision",TechRadar,https://www.techradar.com/pro/i-am-not-sure-what-features-i-prefer-on-the-wp500-ultra-1tb-storage-a-privacy-kill-switch-or-the-ubercool-predator-style-thermal-imaging-vision,2026-03-06 02:15:08
Show HN: Swarm – Program a colony of 200 ants using a custom assembly language,Hacker News,https://dev.moment.com/,2026-03-06 04:45:49
The Home Computer War,Hacker News,https://technicshistory.com/2026/03/06/the-home-computer-war/,2026-03-06 04:45:49
What is the release date for Marshals: A Yellowstone Story episode 2 on Paramount+?,TechRadar,https://www.techradar.com/streaming/paramount-plus/marshals-a-yellowstone-story-episode-2-release-date-time-cbs,2026-03-06 04:45:49
TeX Live 2026 is available for download now,Hacker News,https://www.tug.org/texlive/acquire.html,2026-03-06 06:55:44
Show HN: Swarm – Program a colony of 200 ants using a custom assembly language,Hacker News,https://dev.moment.com/,2026-03-06 06:55:44
System76 on Age Verification Laws,Hacker News,https://blog.system76.com/post/system76-on-age-verification/,2026-03-06 06:55:44
Breaking Down 50M Pins: A Smarter Way to Design 3D IC Packages,Hacker News,https://www.allaboutcircuits.com/industry-articles/breaking-down-50-million-pins-a-smarter-way-to-design-3d-ic-packages/,2026-03-06 06:55:44
Anthropic says it will challenge Defense Department's supply chain risk designation in court,Engadget,https://www.engadget.com/ai/anthropic-says-it-will-challenge-defense-departments-supply-chain-risk-designation-in-court-054459618.html?src=rss,2026-03-06 06:55:44
The best iPhone 17e pre-orders and plans in Australia for March 2026,TechRadar,https://www.techradar.com/phones/iphone/apple-iphone-17e-plans-deals-australia,2026-03-06 06:55:44
"Broncos vs Panthers Free Streams: How to watch NRL 2026 game, TV Channels, Preview",TechRadar,https://www.techradar.com/how-to-watch/rugby/brisbane-broncos-vs-penrith-panthers-nrl-2026,2026-03-06 06:55:44
GPL upgrades via section 14 proxy delegation,Hacker News,https://runxiyu.org/comp/gplproxy/,2026-03-06 09:43:54
"Winter Paralympics 2026 Live Streams: Free Channels, Schedule & Preview for Milano Cortina",TechRadar,https://www.techradar.com/how-to-watch/sport/winter-paralympics-2026,2026-03-06 09:43:54
The Illusion of Building,Hacker News,https://uphack.io/blog/post/the-illusion-of-building/,2026-03-06 13:03:42
Elite Overproduction,Hacker News,https://en.wikipedia.org/wiki/Elite_overproduction,2026-03-06 13:03:42
First MacBook Neo Benchmarks Are In,Hacker News,https://www.macrumors.com/2026/03/05/macbook-neo-first-benchmarks/,2026-03-06 13:03:42
Hardening Firefox with Anthropic's Red Team,Hacker News,https://blog.mozilla.org/en/firefox/hardening-firefox-anthropic-red-team/,2026-03-06 13:03:42
Async Programming Is Just Inject Time,Hacker News,https://willhbr.net/2026/03/02/async-inject-and-effects/,2026-03-06 13:03:42
U.S. Capabilities Are Showing Signs of Rot,Hacker News,https://www.theatlantic.com/ideas/2026/03/military-failures-trump-iran/686244/,2026-03-06 13:03:42
How Much Money Jeff Bezos Made Since You Started Reading This Page,Hacker News,https://bezoscalculator.com/,2026-03-06 13:03:42
Meet your new phone away from phone,The Verge,https://www.theverge.com/tech/889756/mwc-2026-unihertz-light-phone-clicks,2026-03-06 13:03:42
The Morning After: Apple takes on cheap Windows laptops and Chromebooks with the $599 MacBook Neo,Engadget,https://www.engadget.com/general/the-morning-after-engadget-newsletter-121523538.html?src=rss,2026-03-06 13:03:42
UK government delays AI copyright rules amid artist outcry,Engadget,https://www.engadget.com/ai/uk-government-delays-ai-copyright-rules-amid-artist-outcry-113937154.html?src=rss,2026-03-06 13:03:42
25 of the best early deals ahead of the Amazon UK spring sale — I've picked the top tech offers from £13.99,TechRadar,https://www.techradar.com/tech/25-of-the-best-early-deals-ahead-of-the-amazon-uk-spring-sale-ive-picked-the-top-tech-offers-from-gbp13-99,2026-03-06 13:03:42
"These 5 prompts really showed how ChatGPT 5.3 still has plenty of ‘cringe’, despite what OpenAI says",TechRadar,https://www.techradar.com/ai-platforms-assistants/chatgpt/these-5-prompts-really-showed-how-chatgpt-5-3-still-has-plenty-of-cringe-despite-what-openai-says,2026-03-06 13:03:42
The Samsung Galaxy Z Flip 7 will get new rival very soon — and the leaked Moto Razr 70 could beat it in four key ways,TechRadar,https://www.techradar.com/phones/the-samsung-galaxy-z-flip-7-will-get-new-rival-very-soon-and-the-leaked-moto-razr-70-could-beat-it-in-four-key-ways,2026-03-06 13:03:42
Remedy confirms Jesse Faden ‘is not playable’ in Control Resonant — but still claims ‘she’s a big part of the game’,TechRadar,https://www.techradar.com/gaming/remedy-confirms-jesse-faden-is-not-playable-in-control-resonant-but-still-claims-shes-a-big-part-of-the-game,2026-03-06 13:03:42
LastPass warns of scam using fake email chains spoofing account hacking 'to draw attention and generate urgency' in users,TechRadar,https://www.techradar.com/pro/security/lastpass-warns-of-scam-using-fake-email-chains-spoofing-account-hacking-to-spread-chaos,2026-03-06 13:03:42
More than a million users a day are signing up for Claude — as Anthropic hits out at its 'legally unsound' US government ban,TechRadar,https://www.techradar.com/ai-platforms-assistants/claude/more-than-a-million-users-a-day-are-signing-up-for-claude-as-anthropic-hits-out-at-its-legally-unsound-us-government-ban,2026-03-06 13:03:42
'I'm just along for the ride': Ted season 3 is cast into further doubt as star confirms there are currently 'no plans' to continue,TechRadar,https://www.techradar.com/streaming/entertainment/ted-season-3-update-peacock,2026-03-06 13:03:42
Pragmata will now launch one week earlier in April as Capcom moves up the game's release date,TechRadar,https://www.techradar.com/gaming/pragmata-will-now-launch-one-week-earlier-in-april-as-capcom-moves-up-the-games-release-date,2026-03-06 13:03:42
"'The only thing missing is zip ties': A legendary audio brand just released its first streamer, and it supports every standard under the sun",TechRadar,https://www.techradar.com/audio/the-only-thing-missing-is-zip-ties-a-legendary-audio-brand-just-released-its-first-streamer-and-it-supports-every-standard-under-the-sun,2026-03-06 13:03:42
Wired earbuds are back! Meze’s new IEMs would look great with your MacBook Neo — but they're more expensive than a whole laptop,TechRadar,https://www.techradar.com/audio/headphones/wired-earbuds-are-back-mezes-new-iems-would-look-great-with-your-macbook-neo-but-they-are-more-expensive-than-a-whole-laptop,2026-03-06 13:03:42
"'Just give us what we want, Disney': the original Star Wars trilogy is coming to Blu-ray again — but not in the way fans want",TechRadar,https://www.techradar.com/televisions/blu-ray/just-give-us-what-we-want-disney-the-original-star-wars-trilogy-is-coming-to-blu-ray-again-but-not-in-the-way-fans-want,2026-03-06 13:03:42
ChatGPT 5.4 is apparently a big spreadsheet fan — and even comes with some special Excel and Google Sheets tools,TechRadar,https://www.techradar.com/pro/chatgpt-5-4-is-apparently-a-big-spreadsheet-fan-and-even-comes-with-some-special-excel-and-google-sheets-tools,2026-03-06 13:03:42
"Iran state media says strikes on AWS data centers were deliberate, due to its support for US",TechRadar,https://www.techradar.com/pro/iran-state-media-says-strikes-on-aws-data-centers-were-deliberate-due-to-its-support-for-us,2026-03-06 13:03:42
Insider threats could be the biggest risk your business faces this year,TechRadar,https://www.techradar.com/pro/security/insider-threats-could-be-the-biggest-risk-your-business-faces-this-year,2026-03-06 13:03:42
Show HN: Moongate – Ultima Online server emulator in .NET 10 with Lua scripting,Hacker News,https://github.com/moongate-community/moongatev2,2026-03-06 15:41:53
Why Going to Mars Would Be Bad for Your Health,Hacker News,https://slate.com/technology/2026/03/elon-musk-mars-space-travel-health-muscle-atrophy.html,2026-03-06 15:41:53
I Dropped Our Production Database and Now Pay 10% More for AWS,Hacker News,https://alexeyondata.substack.com/p/how-i-dropped-our-production-database,2026-03-06 15:41:53
CT Scans of Health Wearables,Hacker News,https://www.lumafield.com/scan-of-the-month/health-wearables,2026-03-06 15:41:53
Show HN: Interactive 3D globe of EU shipping emissions,Hacker News,https://seafloor.pages.dev,2026-03-06 15:41:53
Global Warming Has Accelerated Significantly,Hacker News,https://www.researchgate.net/publication/389855619_Global_Warming_has_Accelerated_Significantly,2026-03-06 15:41:53
"US economy unexpectedly sheds 92,000 jobs in February",Hacker News,https://www.bbc.com/news/articles/cjd98091g28o,2026-03-06 15:41:53
Workers who love 'synergizing paradigms' might be bad at their jobs,Hacker News,https://news.cornell.edu/stories/2026/03/workers-who-love-synergizing-paradigms-might-be-bad-their-jobs,2026-03-06 15:41:53
The Trump phone was a no-show at the world’s biggest mobile show,The Verge,https://www.theverge.com/tech/889837/trump-phone-mobile-world-congress-mwc,2026-03-06 15:41:53
Trump’s surgeon general nominee is running the wellness grifter playbook perfectly,The Verge,https://www.theverge.com/column/889922/optimizer-casey-means-wellness-influencer-playbook,2026-03-06 15:41:53
Indie games are turning the act of looking into an art,The Verge,https://www.theverge.com/entertainment/889978/hidden-object-games-indie,2026-03-06 15:41:53
This phone starts fires on purpose,The Verge,https://www.theverge.com/podcast/890324/mwc-2026-phones-epic-google-vergecast,2026-03-06 15:41:53
Marathon is in a sprint,The Verge,https://www.theverge.com/entertainment/890333/marathon-live-service-game-mess,2026-03-06 15:41:53
"Rad Power Bikes gets a new owner, pledge to build bikes in the US",Engadget,https://www.engadget.com/transportation/rad-power-bikes-gets-a-new-owner-pledge-to-build-bikes-in-the-us-144641940.html?src=rss,2026-03-06 15:41:53
Engadget Podcast: Is the MacBook Neo the one?,Engadget,https://www.engadget.com/gaming/xbox/engadget-podcast-is-the-macbook-neo-the-one-132801575.html?src=rss,2026-03-06 15:41:53
Dell XPS 14 (2026) review: A beautiful laptop that excels at almost everything… except typing,Engadget,https://www.engadget.com/computing/laptops/dell-xps-14-2026-review-a-beautiful-laptop-that-excels-at-almost-everything-except-typing-130000656.html?src=rss,2026-03-06 15:41:53
TriZetto confirms 3.4M people’s health and personal data was stolen during breach,TechCrunch,https://techcrunch.com/2026/03/06/trizetto-confirms-3-4m-peoples-health-and-personal-data-was-stolen-during-breach/,2026-03-06 15:41:53
Indonesia outlines plan to limit under-16s’ access to social media,TechCrunch,https://techcrunch.com/2026/03/06/indonesia-outlines-plan-to-limit-under-16s-access-to-social-media/,2026-03-06 15:41:53
"City Detect, which uses AI to help cities stay safe and clean, raises $13M Series A",TechCrunch,https://techcrunch.com/2026/03/06/city-detect-uses-ai-to-help-cities-stay-safe-and-clean/,2026-03-06 15:41:53
"Quantum scale-up Pasqal plans $2B SPAC listing, promises to ‘remain French’",TechCrunch,https://techcrunch.com/2026/03/06/quantum-scale-up-pasqal-plans-2b-spac-listing-promises-to-remain-french/,2026-03-06 15:41:53
India’s Karnataka signals intent to ban social media for under-16s,TechCrunch,https://techcrunch.com/2026/03/06/indias-karnataka-signals-intent-to-ban-social-media-for-under-16s/,2026-03-06 15:41:53
"After Europe, WhatsApp will let rival AI companies offer chatbots in Brazil",TechCrunch,https://techcrunch.com/2026/03/06/after-europe-whatsapp-will-let-rival-ai-companies-offer-chatbots-in-brazil/,2026-03-06 15:41:53
"The best RTX 5060 laptop deal right now is this 16-inch Core i7-14700HX beast, with 32GB of DDR5 RAM — and a massive $800 discount",TechRadar,https://www.techradar.com/pro/the-best-rtx-5060-laptop-deal-right-now-is-this-16-inch-core-i7-14700hx-beast-with-32gb-of-ddr5-ram-and-a-massive-usd800-discount,2026-03-06 15:41:53
This Windows 11 mini PC deal is a serious office upgrade: Acemagic Kron Mini K1 has a Ryzen 5 7430U CPU and 16GB RAM — and you can save £130 with this special code,TechRadar,https://www.techradar.com/pro/this-windows-11-mini-pc-deal-is-a-serious-office-upgrade-acemagic-kron-mini-k1-has-a-ryzen-5-7430u-cpu-and-16gb-ram-and-you-can-save-gbp130-with-this-special-code,2026-03-06 15:41:53
From boardroom risk to deal flow: why cyber M&A is accelerating in 2026,TechRadar,https://www.techradar.com/pro/from-boardroom-risk-to-deal-flow-why-cyber-m-and-a-is-accelerating-in-2026,2026-03-06 15:41:53
FBI says its investigating claims its systems were compromised - wire taps and search warrants apparently hijacked,TechRadar,https://www.techradar.com/pro/security/fbi-says-its-investigating-claims-its-systems-were-compromised-wire-taps-and-search-warrants-apparently-hijacked,2026-03-06 15:41:53
Think AI hallucinations are bad? Here's why you're wrong,TechRadar,https://www.techradar.com/pro/think-ai-hallucinations-are-bad-heres-why-youre-wrong,2026-03-06 15:41:53
"NYT Connections hints and answers for Saturday, March 7 (game #1000)",TechRadar,https://www.techradar.com/gaming/nyt-connections-today-answers-hints-7-march-2026,2026-03-06 15:41:53
"7 new movies and TV shows to watch on Netflix, Prime Video, Hulu, HBO Max and more this weekend (March 6)",TechRadar,https://www.techradar.com/streaming/entertainment/7-new-movies-and-tv-shows-to-watch-on-netflix-prime-video-hulu-hbo-max-and-more-this-weekend-march-6,2026-03-06 15:41:53
"NYT Strands hints and answers for Saturday, March 7 (game #734)",TechRadar,https://www.techradar.com/computing/websites-apps/nyt-strands-today-answers-hints-7-march-2026,2026-03-06 15:41:53
"Nvidia’s GPU driver ‘totally wrecked’ user overclocks, but a hotfix has just been released that puts things right",TechRadar,https://www.techradar.com/computing/nvidias-gpu-driver-totally-wrecked-user-overclocks-but-a-hotfix-has-just-been-released-that-puts-things-right,2026-03-06 15:41:53
From Zagreb to Auckland: PureVPN expands across the globe with 40+ new server locations,TechRadar,https://www.techradar.com/vpn/vpn-services/from-zagreb-to-auckland-purevpn-expands-across-the-globe-with-40-new-server-locations,2026-03-06 15:41:53
Fed up with intrusive ads? NymVPN’s latest updates bring ad-blocker tool to desktop apps,TechRadar,https://www.techradar.com/vpn/vpn-services/fed-up-with-intrusive-ads-nymvpns-latest-updates-bring-ad-blocker-tool-to-desktop-apps,2026-03-06 15:41:53
The new iPad Air M4 doesn’t launch until March 11 — but Walmart already has a rare $40 discount,TechRadar,https://www.techradar.com/tablets/ipad-air/the-new-ipad-air-m4-doesnt-launch-until-march-11-but-walmart-already-has-a-rare-usd40-discount,2026-03-06 15:41:53
"Crimson Desert will seemingly hit 4K resolutions at higher frame rates, with raytracing on PS5 Pro, thanks to the latest PSSR update",TechRadar,https://www.techradar.com/gaming/crimson-desert-will-seemingly-hit-4k-resolutions-at-higher-frame-rates-with-raytracing-on-ps5-pro-thanks-to-the-latest-pssr-update,2026-03-06 15:41:53
"Google reveals huge number of zero-days patched in 2025, says worse may be to come as 'AI changes the game'",TechRadar,https://www.techradar.com/pro/security/google-reveals-huge-number-of-zero-days-patched-in-2025-says-worse-may-be-to-come-as-ai-changes-the-game,2026-03-06 15:41:53
"I tried Logitech’s new G325 Lightspeed gaming headset, and it was so comfortable I forgot I was wearing it",TechRadar,https://www.techradar.com/gaming/logitech-g325-ligthspeed-review,2026-03-06 15:41:53
IKEA's smart donut lamp is finally available to buy — but I'm even more obsessed with these quirky alternatives,TechRadar,https://www.techradar.com/home/10-of-my-favorite-weird-ikea-lights-quirky-and-colorful-lamps-from-usd3-99,2026-03-06 15:41:53
Traveling to South Korea? Jetpac eSIM offers an easy way to stay connected with a 15% exclusive discount,TechRadar,https://www.techradar.com/pro/phone-communications/traveling-to-south-korea-jetpac-esim-offers-an-easy-way-to-stay-connected-with-a-15-percent-exclusive-discount,2026-03-06 15:41:53
'AI is far from reaching its theoretical capability': Anthropic launches new tool to warn us when jobs might lost to AI,TechRadar,https://www.techradar.com/pro/ai-is-far-from-reaching-its-theoretical-capability-anthropic-launches-new-tool-to-warn-us-when-jobs-might-lost-to-ai,2026-03-06 15:41:53
'We’d love to make lenses like these' — Fujifilm wants you to vote on the three 'dream lenses' it could make in the future. Here's how to have your say,TechRadar,https://www.techradar.com/cameras/camera-lenses/wed-love-to-make-lenses-like-these-fujifilm-wants-you-to-vote-on-the-three-dream-lenses-it-could-make-in-the-future-heres-how-to-have-your-say,2026-03-06 15:41:53
"Launch HN: Palus Finance (YC W26): Better yields on idle cash for startups, SMBs",Hacker News,https://news.ycombinator.com/item?id=47278980,2026-03-06 18:53:30
Never Bet Against x86,Hacker News,https://www.osnews.com/story/144527/never-bet-against-x86/,2026-03-06 18:53:30
Claude Code wiped our production database with a Terraform command,Hacker News,https://twitter.com/Al_Grigor/status/2029889772181934425,2026-03-06 18:53:30
"Launch HN: Palus Finance (YC W26): Better yields on idle cash for startups, SMBs",Hacker News,https://news.ycombinator.com/item?id=47278443,2026-03-06 18:53:30
Tech employment now significantly worse than the 2008 or 2020 recessions,Hacker News,https://twitter.com/JosephPolitano/status/2029916364664611242,2026-03-06 18:53:30
Strikes in Middle East since 28th Feb in real time,Hacker News,https://iranstrike.com,2026-03-06 18:53:30
Multifactor (YC F25) Is Hiring an Engineering Lead,Hacker News,https://www.ycombinator.com/companies/multifactor/jobs/lcpd60A-engineering-lead,2026-03-06 18:53:30
Supertoast Tables,Hacker News,https://hatchet.run/blog/supertoast-tables,2026-03-06 18:53:30
Cursor Is Dead – How a $29B company became obsolete in under three years,Hacker News,https://www.permissionprotocol.com/blog/cursor-is-dead.html,2026-03-06 18:53:30
CBP says it can't comply with refund order,Hacker News,https://www.cnbc.com/2026/03/06/trump-trade-tariffs-refunds-customs-border-protection.html,2026-03-06 18:53:30
Astra: An open-source observatory control software,Hacker News,https://github.com/ppp-one/astra,2026-03-06 18:53:30
Show HN: Claude-replay – A video-like player for Claude Code sessions,Hacker News,https://github.com/es617/claude-replay,2026-03-06 18:53:30
Entomologists Use a Particle Accelerator to Image Ants at Scale,Hacker News,https://spectrum.ieee.org/3d-scanning-particle-accelerator-antscan,2026-03-06 18:53:30
You can already save up to $50 on the new M4 iPad Air,The Verge,https://www.theverge.com/gadgets/890389/apple-ipad-air-m4-xbox-wireless-controller-deal-sale,2026-03-06 18:53:30
Pokémon Pokopia review: Possibly the most charming Pokémon game yet,Engadget,https://www.engadget.com/gaming/nintendo/pokemon-pokopia-review-possibly-the-most-charming-pokemon-game-yet-183000812.html?src=rss,2026-03-06 18:53:30
Capcom's long-delayed Pragmata is now arriving a week earlier,Engadget,https://www.engadget.com/gaming/capcoms-long-delayed-pragmata-is-now-arriving-a-week-earlier-160257053.html?src=rss,2026-03-06 18:53:30
Anthropic’s Pentagon deal is a cautionary tale for startups chasing federal contracts,TechCrunch,https://techcrunch.com/video/anthropics-pentagon-deal-is-a-cautionary-tale-for-startups-chasing-federal-contracts/,2026-03-06 18:53:30
Claude’s consumer growth surge continues after Pentagon deal debacle,TechCrunch,https://techcrunch.com/2026/03/06/claudes-consumer-growth-surge-continues-after-pentagon-deal-debacle/,2026-03-06 18:53:30
India PC shipments surpass pandemic peak as first-time users upgrade,TechCrunch,https://techcrunch.com/2026/03/06/india-pc-shipments-surpass-pandemic-peak-as-first-time-users-upgrade/,2026-03-06 18:53:30
These are the countries moving to ban social media for children,TechCrunch,https://techcrunch.com/2026/03/06/social-media-ban-children-countries-list/,2026-03-06 18:53:30
This new prepaid carrier will literally pay you up to $20 per month to use your phone less,TechRadar,https://www.techradar.com/phones/network-providers/this-new-prepaid-carrier-will-literally-pay-you-up-to-usd20-per-month-to-use-your-phone-less,2026-03-06 18:53:30
‘The biggest losers in all of this are everyday people and civilians in conflict zones’: OpenAI is filling the gap left by Anthropic — but almost left in the same loopholes for mass domestic surveillance,TechRadar,https://www.techradar.com/pro/security/the-biggest-losers-in-all-of-this-are-everyday-people-and-civilians-in-conflict-zones-openai-is-filling-the-gap-left-by-anthropic-but-almost-left-in-the-same-loopholes-for-mass-domestic-surveillance,2026-03-06 18:53:30
The price to pay — This is why 400+ scientists are calling for a halt to mandatory age verification,TechRadar,https://www.techradar.com/vpn/vpn-privacy-security/the-price-to-pay-this-is-why-400-scientists-are-calling-for-a-halt-to-mandatory-age-verification,2026-03-06 18:53:30
Hackers exploiting WordPress membership plugin bug to create admin accounts,TechRadar,https://www.techradar.com/pro/security/hackers-exploiting-wordpress-membership-plugin-bug-to-create-admin-accounts,2026-03-06 18:53:30
Embrace the release of Marathon by adding the Limited Edition DualSense controller to your setup,TechRadar,https://www.techradar.com/gaming/embrace-the-release-of-marathon-by-adding-the-limited-edition-dualsense-controller-to-your-setup,2026-03-06 18:53:30
"Samsung exec says ‘vibe coding is very interesting, and something we’re looking into’ as an option on Galaxy phones in the future",TechRadar,https://www.techradar.com/phones/samsung-galaxy-phones/samsung-exec-says-vibe-coding-is-very-interesting-and-something-were-looking-into-as-an-option-on-galaxy-phones-in-the-future,2026-03-06 18:53:30
Nintendo has revealed a new poster for The Super Mario Galaxy Movie ahead of its final trailer — and it confirms two more villains will show up,TechRadar,https://www.techradar.com/streaming/entertainment/nintendo-has-revealed-a-new-poster-for-the-super-mario-galaxy-movie-ahead-of-its-final-trailer-and-it-confirms-two-more-villains-will-show-up,2026-03-06 18:53:30
Iranians threatened with legal action for using VPNs to bypass internet blocks — here's everything we know,TechRadar,https://www.techradar.com/vpn/vpn-privacy-security/iranians-threatened-with-legal-action-for-using-vpns-to-bypass-internet-blocks-heres-everything-we-know,2026-03-06 18:53:30
Marathon Deluxe Edition owners have already found a resource exploit to speed through the Reward Pass,TechRadar,https://www.techradar.com/gaming/marathon-deluxe-edition-owners-have-already-found-a-resource-exploit-to-speed-through-the-reward-pass,2026-03-06 18:53:30
“A significant portion of the market is not equipped to handle that responsibility”: the VPN industry reacts to TechRadar's research,TechRadar,https://www.techradar.com/vpn/vpn-services/a-significant-portion-of-the-market-is-not-equipped-to-handle-that-responsibility-the-vpn-industry-reacts-to-techradars-research,2026-03-06 18:53:30
I've found three great DDR5 RAM deals from big-name brands with sizable savings — plus promo codes to cut the price even further,TechRadar,https://www.techradar.com/pro/ive-found-three-great-ddr5-ram-deals-from-big-name-brands-with-sizable-savings-plus-promo-codes-to-cut-the-price-even-further,2026-03-06 18:53:30
Wolves vs Liverpool Free Streams: How to Watch FA Cup 5th Round Tie 2025/26 Online From Anywhere,TechRadar,https://www.techradar.com/how-to-watch/football/wolves-vs-liverpool-fa-cup-5th-round-tie-2025-26-free,2026-03-06 18:53:30
"Ireland vs Wales Free Streams: How to watch Six Nations 2026 game, TV Channels, Preview",TechRadar,https://www.techradar.com/how-to-watch/rugby/ireland-vs-wales-six-nations-2026-free,2026-03-06 18:53:30
"Google has quietly made Gmail, Docs, and other Workspace apps work better with OpenClaw",TechRadar,https://www.techradar.com/pro/google-has-quietly-made-gmail-docs-and-other-workspace-apps-work-better-with-openclaw,2026-03-06 18:53:30
TypeScript 6.0 RC,Hacker News,https://devblogs.microsoft.com/typescript/announcing-typescript-6-0-rc/,2026-03-06 21:34:50
Why it takes you and an elephant the same amount of time to poop,Hacker News,https://www.pbs.org/newshour/health/takes-elephant-amount-time-poop,2026-03-06 21:34:50
Ada 2022,Hacker News,https://www.adaic.org/ada-resources/standards/ada22/,2026-03-06 21:34:50
"Anthropic, Please Make a New Slack",Hacker News,https://www.fivetran.com/blog/anthropic-please-make-a-new-slack,2026-03-06 21:34:50
New imagery suggests U.S. responsible for Iran school strike,Hacker News,https://www.cnn.com/2026/03/06/world/video/updates-suggests-us-responsible-iran-school-strike-digvid,2026-03-06 21:34:50
TSA leaves passenger needing surgery after illegally forcing her through scanner,Hacker News,https://www.thetravel.com/tsa-leaves-passenger-needing-surgery-after-illegally-forcing-her-through-scanner-spinal-cord-implant/,2026-03-06 21:34:50
Valve’s Steam Machine may not launch this year,The Verge,https://www.theverge.com/games/890986/valve-steam-machine-frame-controller-delay-ram-memory,2026-03-06 21:34:50
Grammarly is using our identities without permission,The Verge,https://www.theverge.com/ai-artificial-intelligence/890921/grammarly-ai-expert-reviews,2026-03-06 21:34:50
The Trump administration says it can’t process tariff refunds because of computer problems,The Verge,https://www.theverge.com/policy/890904/trump-administration-cbp-tariff-refunds-technology-issues,2026-03-06 21:34:50
Nintendo is suing the US government for a refund of Trump’s illegal tariffs,The Verge,https://www.theverge.com/games/890861/nintendo-lawsuit-tariffs-donald-trump,2026-03-06 21:34:50
The AI Doc is an overwrought hype piece for doomers and accelerationists alike,The Verge,https://www.theverge.com/entertainment/890806/the-ai-doc-or-how-i-became-an-apocaloptimist-review,2026-03-06 21:34:50
Netflix's version of Overcooked lets you play as Huntr/x,Engadget,https://www.engadget.com/gaming/netflixs-version-of-overcooked-lets-you-play-as-huntrx-212515187.html?src=rss,2026-03-06 21:34:50
Nintendo is suing the US government over Trump's tariffs,Engadget,https://www.engadget.com/gaming/nintendo/nintendo-is-suing-the-us-government-over-trumps-tariffs-191849003.html?src=rss,2026-03-06 21:34:50
"Samsung Galaxy Buds 4 and 4 Pro review: Impressive audio, imperfect ANC",Engadget,https://www.engadget.com/audio/headphones/samsung-galaxy-buds-4-and-4-pro-review-impressive-audio-imperfect-anc-190000202.html?src=rss,2026-03-06 21:34:50
OSHA probing fatality at Rivian warehouse,TechCrunch,https://techcrunch.com/2026/03/06/osha-probing-fatality-at-rivian-warehouse/,2026-03-06 21:34:50
"Microsoft, Google, Amazon say Anthropic Claude remains available to non-defense customers",TechCrunch,https://techcrunch.com/2026/03/06/microsoft-anthropic-claude-remains-available-to-customers-except-the-defense-department/,2026-03-06 21:34:50
Bill Gates’ TerraPower gets approval to build new nuclear reactor,TechCrunch,https://techcrunch.com/2026/03/06/bill-gates-terrapower-gets-approval-to-build-new-nuclear-reactor/,2026-03-06 21:34:50
Anthropic’s Claude found 22 vulnerabilities in Firefox over two weeks,TechCrunch,https://techcrunch.com/2026/03/06/anthropics-claude-found-22-vulnerabilities-in-firefox-over-two-weeks/,2026-03-06 21:34:50
Everyone was mad at the Galaxy S26 Ultra — but Samsung just told us why it's all been a big misunderstanding,TechRadar,https://www.techradar.com/phones/everyone-was-mad-at-the-galaxy-s26-ultra-but-samsung-just-told-us-why-its-all-been-a-big-misunderstanding,2026-03-06 21:34:50
24 hours with the MacBook Air M5 — it's already faster than the M4 MacBook Air,TechRadar,https://www.techradar.com/computing/macbooks/24-hours-with-the-macbook-air-m5-its-already-faster-than-the-m4-macbook-air,2026-03-06 21:34:50
"Motorola quietly teams up with GrapheneOS to deliver true business smartphones with a supersafe version of Android, but it won't happen anytime soon",TechRadar,https://www.techradar.com/pro/motorola-quietly-teams-up-with-grapheneos-to-deliver-true-business-smartphones-with-a-supersafe-version-of-android-but-it-wont-happen-anytime-soon,2026-03-06 21:34:50
This Samsung Galaxy S26 Ultra rival is launching outside China for the first time — and it wants to 'be your next camera',TechRadar,https://www.techradar.com/phones/this-samsung-galaxy-s26-ultra-rival-is-launching-outside-china-for-the-first-time-and-it-wants-to-be-your-next-camera,2026-03-06 21:34:50
Get a grip — this world-first winter tyre can automatically deploy studs when it detects freezing road conditions,TechRadar,https://www.techradar.com/vehicle-tech/hybrid-electric-vehicles/get-a-grip-this-world-first-winter-tyre-can-automatically-deploy-studs-when-it-detects-freezing-road-conditions,2026-03-06 21:34:50
This new prepaid carrier will literally pay you up to $20 per month to use your phone less,TechRadar,https://www.techradar.com/phones/network-providers/this-new-prepaid-carrier-will-literally-pay-you-up-to-usd20-per-month-to-use-your-phone-less,2026-03-06 21:34:50
‘The biggest losers in all of this are everyday people and civilians in conflict zones’: OpenAI is filling the gap left by Anthropic — but almost left in the same loopholes for mass domestic surveillance,TechRadar,https://www.techradar.com/pro/security/the-biggest-losers-in-all-of-this-are-everyday-people-and-civilians-in-conflict-zones-openai-is-filling-the-gap-left-by-anthropic-but-almost-left-in-the-same-loopholes-for-mass-domestic-surveillance,2026-03-06 21:34:50
LLM Doesn't Write Correct Code. It Writes Plausible Code,Hacker News,https://blog.katanaquant.com/p/your-llm-doesnt-write-correct-code,2026-03-07 02:09:10
"Show HN: Kula – Lightweight, self-contained Linux server monitoring tool",Hacker News,https://github.com/c0m4r/kula,2026-03-07 02:09:10
I'm 60 years old. Claude Code has ignited a passion again,Hacker News,https://news.ycombinator.com/item?id=47282777,2026-03-07 02:09:10
Plasma Bigscreen – 10-foot interface for KDE plasma,Hacker News,https://plasma-bigscreen.org,2026-03-07 02:09:10
Show HN: The Roman Industrial Revolution that could have been (Vol 2),Hacker News,https://thelydianstone.com/volume-2,2026-03-07 02:09:10
"Vivo teases the most powerful camera phone ever with a 400mm telephoto lens accessory, but it is just a gimmick?",TechRadar,https://www.techradar.com/phones/vivo-teases-the-most-powerful-camera-phone-ever-with-a-400mm-telephoto-lens-accessory-but-it-is-just-a-gimmick,2026-03-07 02:09:10
‘No one ever wants the knock on the door to be from the FBI’ — Friends Like These: The Murder of Skylar Neese expert weighs in on why true crime makes us so anxious,TechRadar,https://www.techradar.com/streaming/hulu/no-one-ever-wants-the-knock-on-the-door-to-be-from-the-fbi-friends-like-these-the-murder-of-skylar-neese-expert-weighs-in-on-why-true-crime-makes-us-so-anxious,2026-03-07 02:09:10
There's a sneaky way to watch Outlander 2026 for free,TechRadar,https://www.techradar.com/how-to-watch/theres-a-sneaky-way-to-watch-outlander-2026-for-free,2026-03-07 02:09:10
Chinese researchers develop the first semi-solid-state EV battery with a massive 620-mile range — but questions remain,TechRadar,https://www.techradar.com/vehicle-tech/hybrid-electric-vehicles/chinese-researchers-develop-the-first-semi-solid-state-ev-battery-with-a-massive-620-mile-range-but-questions-remain,2026-03-07 02:09:10
Sick of slow PS5 game downloads? This simple trick could save you a whole lot of time,TechRadar,https://www.techradar.com/gaming/ps5/sick-of-slow-ps5-game-downloads-this-simple-trick-could-save-you-a-whole-lot-of-time,2026-03-07 02:09:10
I tested the affordable GoPro Lit Hero — and it might be the brand's most confusing action cam yet,TechRadar,https://www.techradar.com/cameras/action-cameras/gopro-lit-hero-review,2026-03-07 02:09:10
Can a wealthy family change the course of a deadly brain disease?,Hacker News,https://www.science.org/content/article/can-wealthy-family-change-course-deadly-brain-disease,2026-03-07 04:24:56
UUID package coming to Go standard library,Hacker News,https://github.com/golang/go/issues/62026,2026-03-07 04:24:56
"DJI will pay $30K to the man who accidentally hacked 7,000 Romo robovacs",The Verge,https://www.theverge.com/news/890982/dji-pay-sammy-azdoufal-robot-vacuum-hack-romo-security,2026-03-07 04:24:56
Robinhood’s startup fund stumbles in NYSE debut,TechCrunch,https://techcrunch.com/2026/03/06/robinhoods-startup-fund-stumbles-in-nyse-debut/,2026-03-07 04:24:56
‘No one ever wants the knock on the door to be from the FBI’ — Friends Like These: The Murder of Skylar Neese expert weighs in on why true crime makes us so anxious,TechRadar,https://www.techradar.com/streaming/hulu/no-one-ever-wants-the-knock-on-the-door-to-be-from-the-fbi-friends-like-these-the-murder-of-skylar-neese-expert-weighs-in-on-why-true-crime-makes-us-so-anxious,2026-03-07 04:24:56
"Vivo teases the most powerful camera phone ever with a 400mm telephoto lens accessory, but it is just a gimmick?",TechRadar,https://www.techradar.com/phones/vivo-teases-the-most-powerful-camera-phone-ever-with-a-400mm-telephoto-lens-accessory-but-it-is-just-a-gimmick,2026-03-07 04:24:56
Why New Zealand is seeing an exodus of over-30s,Hacker News,https://www.cnn.com/2026/03/06/world/new-zealand-australia-emigration-midlife-intl-hnk-dst,2026-03-07 06:46:58
QGIS 4.0,Hacker News,https://changelog.qgis.org/en/version/4.0/,2026-03-07 09:33:29
xAI loses bid to halt California AI data disclosure law,Hacker News,https://www.reuters.com/legal/government/xai-loses-bid-halt-california-ai-data-disclosure-law-2026-03-05/,2026-03-07 09:33:29
"Sarvam 105B, the first competitive Indian open source LLM",Hacker News,https://www.sarvam.ai/blogs/sarvam-30b-105b,2026-03-07 09:33:29
German police probe student poster slur (Lick my balls Merz) against Merz,Hacker News,https://dpa-international.com/politics/urn:newsml:dpa.com:20090101:260306-99-743434/,2026-03-07 09:33:29
Mansfield vs Arsenal Live Streams: How to Watch FA Cup 5th Round Tie 2025/26 Online From Anywhere,TechRadar,https://www.techradar.com/how-to-watch/football/mansfield-vs-arsenal-fa-cup-5th-round-tie-2025-26-online,2026-03-07 09:33:29
A four-pack of 'invaluable and easy-to-use' Apple AirTags just dropped to a record-low price,TechRadar,https://www.techradar.com/tech/a-four-pack-of-invaluable-and-easy-to-use-apple-airtags-just-dropped-to-a-record-low-price,2026-03-07 09:33:29
How to watch Strade Bianche 2026: Live stream cycling online from anywhere for FREE,TechRadar,https://www.techradar.com/how-to-watch/cycling/how-to-watch-strade-bianche-2026,2026-03-07 09:33:29
"US economy sheds 92,000 jobs in February in sharp slide",Hacker News,https://www.ft.com/content/6542bd0c-59ca-493b-ab5d-2d69e4e00cae,2026-03-07 12:54:55
Ki Editor - an editor that operates on the AST,Hacker News,https://ki-editor.org/,2026-03-07 12:54:55
Show HN: Tanstaafl – Pay-to-inbox email on Bitcoin Lightning,Hacker News,https://tanstaafl.email,2026-03-07 12:54:55
Claude AI Helped Bomb Iran. But How Exactly?,Hacker News,https://www.bloomberg.com/opinion/articles/2026-03-04/iran-strikes-anthropic-claude-ai-helped-us-attack-but-how-exactly,2026-03-07 12:54:55
The Corvette ZR1X hybrid can outpace million-dollar sports cars for a fraction of the cost,The Verge,https://www.theverge.com/transportation/888573/chevy-corvette-zr1x-hybrid-racing-performance,2026-03-07 12:54:55
"Slay the Spire 2, Scott Pilgrim EX and other new indie games worth checking out",Engadget,https://www.engadget.com/gaming/slay-the-spire-2-scott-pilgrim-ex-and-other-new-indie-games-worth-checking-out-120000884.html?src=rss,2026-03-07 12:54:55
Our first Google Pixel 11 design leak may have revealed a change coming to the iconic camera bar,TechRadar,https://www.techradar.com/phones/google-pixel-phones/our-first-google-pixel-11-design-leak-may-have-revealed-a-change-coming-to-the-iconic-camera-bar,2026-03-07 12:54:55
"Sun, surf and seamless signal- stay connected in Bali with Jetpac eSIM, now at a discount",TechRadar,https://www.techradar.com/pro/phone-communications/sun-surf-and-seamless-signal-stay-connected-in-bali-with-jetpac-esim-now-at-a-discount,2026-03-07 12:54:55
MacBook Neo vs iPad 11: which affordable Apple setup should you buy?,TechRadar,https://www.techradar.com/tablets/ipad/macbook-neo-vs-ipad-11-which-affordable-apple-setup-should-you-buy,2026-03-07 12:54:55
PSA: Samsung Galaxy S26 preorders end in a few days — here's why it's a good idea to pick up a device now,TechRadar,https://www.techradar.com/phones/samsung-galaxy-phones/psa-samsung-galaxy-s26-preorders-end-in-a-few-days-heres-why-its-a-good-idea-to-pick-up-a-device-now,2026-03-07 12:54:55
6 cheap accessories to make your Apple Watch more useful,TechRadar,https://www.techradar.com/health-fitness/smartwatches/6-cheap-accessories-to-make-your-apple-watch-more-useful,2026-03-07 12:54:55
"I enjoyed testing this accomplished active stereo speaker system, until it threw in the towel too easily",TechRadar,https://www.techradar.com/audio/wireless-bluetooth-speakers/kef-coda-w-review,2026-03-07 12:54:55
Here are my 5 most anticipated 4K Blu-rays of March 2026,TechRadar,https://www.techradar.com/televisions/blu-ray/here-are-my-5-most-anticipated-4k-blu-rays-of-march-2026,2026-03-07 12:54:55
"I spent two weeks testing Amazon’s new Echo Studio, and I love the stylish new design — but I’m not sure it’s worth the audio-quality trade-offs",TechRadar,https://www.techradar.com/home/smart-home/echo-studio-2nd-gen-review,2026-03-07 12:54:55
ICYMI: the week's 9 biggest tech news stories from Apple's MacBook Neo to launch to Xbox's new console tease,TechRadar,https://www.techradar.com/tech/icymi-the-weeks-9-biggest-tech-news-stories-from-apples-macbook-neo-to-launch-to-xboxs-new-console-tease,2026-03-07 12:54:55
How to watch Top Chef season 23 online from anywhere,TechRadar,https://www.techradar.com/how-to-watch/tv-shows/top-chef-season-23,2026-03-07 12:54:55
"Scotland vs France Free Streams: How to watch Six Nations 2026 game, TV Channels, Preview",TechRadar,https://www.techradar.com/how-to-watch/rugby/scotland-vs-france-six-nations-2026-free,2026-03-07 12:54:55
Finding stability in an age of relentless AI innovation,TechRadar,https://www.techradar.com/pro/finding-stability-in-an-age-of-relentless-ai-innovation,2026-03-07 12:54:55
LLM Doesn't Write Correct Code. It Writes Plausible Code,Hacker News,https://twitter.com/KatanaLarp/status/2029928471632224486,2026-03-07 15:28:38
Show HN: ANSI-Saver – A macOS Screensaver,Hacker News,https://github.com/lardissone/ansi-saver,2026-03-07 15:28:38
PC processors entered the Gigahertz era today in the year 2000 with AMD's Athlon,Hacker News,https://www.tomshardware.com/pc-components/cpus/pc-processors-entered-the-gigahertz-era-today-in-the-year-2000-with-amds-athlon-amd-hit-marketing-gold-with-its-1-ghz-athlon-beat-intel-by-a-nose,2026-03-07 15:28:38
Tinnitus Is Connected to Sleep,Hacker News,https://www.sciencealert.com/tinnitus-is-somehow-connected-to-a-crucial-bodily-function,2026-03-07 15:28:38
Palantir and Anthropic AI helped the US hit 1k Iran targets in 24 hours,Hacker News,https://www.moneycontrol.com/europe/?url=https://www.moneycontrol.com/world/how-palantir-and-anthropic-ai-helped-the-us-hit-1-000-iran-targets-in-24-hours-article-13853331.html,2026-03-07 15:28:38
The Case of the Disappearing Secretary,Hacker News,https://rowlandmanthorpe.substack.com/p/the-case-of-the-disappearing-secretary,2026-03-07 15:28:38
The yoghurt delivery women combatting loneliness in Japan,Hacker News,https://www.bbc.com/travel/article/20260302-the-yoghurt-delivery-women-combatting-loneliness-in-japan,2026-03-07 15:28:38
The OpenClaw superfan meetup serves optimism and lobster,The Verge,https://www.theverge.com/ai-artificial-intelligence/890517/openclaw-clawcon-meetup-nyc-open-source-ai,2026-03-07 15:28:38
A bite-sized adventure that puts a wrench into the classic Zelda formula,The Verge,https://www.theverge.com/entertainment/890664/ratcheteer-dx-review-zelda-steam-switch,2026-03-07 15:28:38
Apple’s cheap laptop looks like a winner,The Verge,https://www.theverge.com/tech/890785/macbook-neo-slay-spire-2-pokopia-installer,2026-03-07 15:28:38
"Engadget review recap: Galaxy S26 Ultra, Galaxy Buds 4, Dell XPS 14 and more",Engadget,https://www.engadget.com/engadget-review-recap-galaxy-s26-ultra-galaxy-buds-4-dell-xps-14-and-more-140435975.html?src=rss,2026-03-07 15:28:38
Leading by example: Embracing tools internally before shipping them externally,TechRadar,https://www.techradar.com/pro/leading-by-example-embracing-tools-internally-before-shipping-them-externally,2026-03-07 15:28:38
"NYT Strands hints and answers for Sunday, March 8 (game #735)",TechRadar,https://www.techradar.com/computing/websites-apps/nyt-strands-today-answers-hints-8-march-2026,2026-03-07 15:28:38
"NYT Connections hints and answers for Sunday, March 8 (game #1001)",TechRadar,https://www.techradar.com/gaming/nyt-connections-today-answers-hints-8-march-2026,2026-03-07 15:28:38
Wrexham vs Chelsea Free Streams: How to Watch FA Cup 5th Round Tie 2025/26 Online From Anywhere,TechRadar,https://www.techradar.com/how-to-watch/football/wrexham-vs-chelsea-fa-cup-5th-round-tie-2025-26-free,2026-03-07 15:28:38
I watched the first trailer for Lanterns multiple times — these are the 7 biggest questions I have about the new HBO Max show,TechRadar,https://www.techradar.com/streaming/hbo-max/i-watched-the-first-trailer-for-lanterns-multiple-times-these-are-the-7-biggest-questions-i-have-about-the-new-hbo-max-show,2026-03-07 15:28:38
“We intend to launch our first end-to-end commercial DNA Data Storage solutions before the end of 2026”: Biomemory outlines its DNA storage roadmap after Catalog deal,TechRadar,https://www.techradar.com/pro/we-intend-to-launch-our-first-end-to-end-commercial-dna-data-storage-solutions-before-the-end-of-2026-biomemory-outlines-its-dna-storage-roadmap-after-catalog-deal,2026-03-07 15:28:38
"Before The Matrix and The Terminator, there was 'The Creation of the Humanoids' — how an obscure 1962 B-movie set the scene for robot takeover and introduced the concept of centralized intelligence",TechRadar,https://www.techradar.com/pro/before-the-matrix-and-the-terminator-there-was-the-creation-of-the-humanoids-how-an-obscure-1962-b-movie-set-the-scene-for-robot-takeover-and-introduced-the-concept-of-centralized-intelligence,2026-03-07 15:28:38
"Italy vs England Free Streams: How to watch Six Nations 2026 game, TV Channels, Preview",TechRadar,https://www.techradar.com/how-to-watch/rugby/italy-vs-england-six-nations-2026-free,2026-03-07 15:28:38
‘Our world is full of these wild ghosts’: Werner Herzog’s new National Geographic documentary gives a rare glimpse of some of the world's most elusive animals,TechRadar,https://www.techradar.com/streaming/disney-plus/our-world-is-full-of-these-wild-ghosts-werner-herzogs-new-national-geographic-documentary-gives-a-rare-glimpse-of-some-of-the-worlds-most-elusive-animals,2026-03-07 15:28:38
Our first Google Pixel 11 design leak may have revealed a change coming to the iconic camera bar,TechRadar,https://www.techradar.com/phones/google-pixel-phones/our-first-google-pixel-11-design-leak-may-have-revealed-a-change-coming-to-the-iconic-camera-bar,2026-03-07 15:28:38
Addicted to Claude Code–Help,Hacker News,https://news.ycombinator.com/item?id=47289440,2026-03-07 18:39:08
Verification debt: the hidden cost of AI-generated code,Hacker News,https://fazy.medium.com/agentic-coding-ais-adolescence-b0d13452f981,2026-03-07 18:39:08
The Banality of Surveillance,Hacker News,https://benn.substack.com/p/the-banality-of-surveillance,2026-03-07 18:39:08
A Decade of Docker Containers,Hacker News,https://cacm.acm.org/research/a-decade-of-docker-containers/,2026-03-07 18:39:08
Tech jobs are getting demolished in ways not seen since 2008,Hacker News,https://www.businessinsider.com/tech-jobs-getting-demolished-great-recession-dot-com-era-2026-3,2026-03-07 18:39:08
Sony appears to be testing dynamic pricing on PlayStation games,The Verge,https://www.theverge.com/games/891085/sony-dynamic-pricing-playstation-games,2026-03-07 18:39:08
Time’s running out to get a free gift card when you preorder a new MacBook,The Verge,https://www.theverge.com/gadgets/890788/macbook-neo-air-pro-samsung-galaxy-s26-gift-card-deal-sale,2026-03-07 18:39:08
Indonesia announces a social media ban for anyone under 16,Engadget,https://www.engadget.com/social-media/indonesia-announces-a-social-media-ban-for-anyone-under-16-174634956.html?src=rss,2026-03-07 18:39:08
Roblox introduces real-time AI-powered chat rephraser for inappropriate language,Engadget,https://www.engadget.com/gaming/roblox-introduces-real-time-ai-powered-chat-rephraser-for-inappropriate-language-160000063.html?src=rss,2026-03-07 18:39:08
OpenAI delays ChatGPT’s ‘adult mode’ again,TechCrunch,https://techcrunch.com/2026/03/07/openai-delays-chatgpts-adult-mode-again/,2026-03-07 18:39:08
Compal's latest laptop concept adds a color E-Ink display that piques my curiosity — but I am not sure it will turn into a real product because of one flaw,TechRadar,https://www.techradar.com/pro/compals-latest-laptop-concept-adds-a-color-e-ink-display-that-piques-my-curiosity-but-i-am-not-sure-it-will-turn-into-a-real-product-because-of-one-flaw,2026-03-07 18:39:08
"'Everybody talks about what's the next AI device... Glasses, obviously is one of them' — Samsung exec teases details about its forthcoming XR glasses, and when they might arrive",TechRadar,https://www.techradar.com/computing/virtual-reality-augmented-reality/everybody-talks-about-whats-the-next-ai-device-glasses-obviously-is-one-of-them-samsung-exec-teases-details-about-its-forthcoming-xr-glasses-and-when-they-might-arrive,2026-03-07 18:39:08
I haven’t sat in a plusher gaming chair than this one – but this affordable GTPlayer model has one drawback,TechRadar,https://www.techradar.com/gaming/gaming-accessories/gtplayer-lr002-review,2026-03-07 18:39:08
I've hunted out the best Galaxy S26 cases to keep your swanky new phone protected,TechRadar,https://www.techradar.com/phones/samsung-galaxy-phones/ive-hunted-out-the-best-galaxy-s26-cases-to-keep-your-swanky-new-phone-protected,2026-03-07 18:39:08
